air_temp_set_1,altimeter_set_1,wind_speed_set_1,relative_humidity_set_1,precip_accum_24_hour_set_1,Date,State,County
,,,,,2016-01-01,PA,Washington
,,,,,2016-01-02,PA,Washington
,,,,,2016-01-03,PA,Washington
,,,,,2016-01-04,PA,Washington
-7.78,103047.76,1.34,56.0,0.254,2016-01-05,PA,Washington
,,,,,2016-01-06,PA,Washington
1.67,102776.85,0.0,36.0,0.0,2016-01-07,PA,Washington
-0.56,102133.43,0.0,60.0,0.0,2016-01-08,PA,Washington
,,,,,2016-01-09,PA,Washington
8.33,100846.6,0.9,79.0,1.778,2016-01-10,PA,Washington
,,,,,2016-01-11,PA,Washington
,,,,,2016-01-12,PA,Washington
,,,,,2016-01-13,PA,Washington
-8.33,101794.79,1.34,55.0,0.0,2016-01-14,PA,Washington
,,,,,2016-01-15,PA,Washington
,,,,,2016-01-16,PA,Washington
,,,,,2016-01-17,PA,Washington
,,,,,2016-01-18,PA,Washington
,,,,,2016-01-19,PA,Washington
,,,,,2016-01-20,PA,Washington
-7.78,102133.43,0.0,89.5,0.0,2016-01-21,PA,Washington
,,,,,2016-01-22,PA,Washington
,,,,,2016-01-23,PA,Washington
,,,,,2016-01-24,PA,Washington
-5.56,102065.7,0.0,69.0,2.286,2016-01-25,PA,Washington
,,,,,2016-01-26,PA,Washington
,,,,,2016-01-27,PA,Washington
,,,,,2016-01-28,PA,Washington
2.78,100406.37,0.9,55.0,0.0,2016-01-29,PA,Washington
,,,,,2016-01-30,PA,Washington
,,,,,2016-01-31,PA,Washington
,,,,,2016-02-01,PA,Washington
,,,,,2016-02-02,PA,Washington
,,,,,2016-02-03,PA,Washington
,,,,,2016-02-04,PA,Washington
,,,,,2016-02-05,PA,Washington
,,,,,2016-02-06,PA,Washington
,,,,,2016-02-07,PA,Washington
,,,,,2016-02-08,PA,Washington
,,,,,2016-02-09,PA,Washington
,,,,,2016-02-10,PA,Washington
,,,,,2016-02-11,PA,Washington
-9.44,102573.66,0.0,56.0,0.0,2016-02-12,PA,Washington
-7.22,101659.34,1.79,86.0,0.0,2016-02-13,PA,Washington
,,,,,2016-02-14,PA,Washington
-8.33,102844.57,0.9,47.0,0.0,2016-02-15,PA,Washington
,,,,,2016-02-16,PA,Washington
,,,,,2016-02-17,PA,Washington
0.56,102336.62,0.9,82.0,0.0,2016-02-18,PA,Washington
-1.67,103318.67,0.0,51.0,0.254,2016-02-19,PA,Washington
,,,,,2016-02-20,PA,Washington
,,,,,2016-02-21,PA,Washington
,,,,,2016-02-22,PA,Washington
,,,,,2016-02-23,PA,Washington
,,,,,2016-02-24,PA,Washington
,,,,,2016-02-25,PA,Washington
,,,,,2016-02-26,PA,Washington
,,,,,2016-02-27,PA,Washington
,,,,,2016-02-28,PA,Washington
,,,,,2016-02-29,PA,Washington
,,,,,2016-03-01,PA,Washington
,,,,,2016-03-02,PA,Washington
,,,,,2016-03-03,PA,Washington
,,,,,2016-03-04,PA,Washington
,,,,,2016-03-05,PA,Washington
4.44,101727.07,0.0,65.0,0.254,2016-03-06,PA,Washington
,,,,,2016-03-07,PA,Washington
16.11,101693.2,0.9,40.0,0.0,2016-03-08,PA,Washington
,,,,,2016-03-09,PA,Washington
19.44,101490.02,0.0,49.0,0.0,2016-03-10,PA,Washington
,,,,,2016-03-11,PA,Washington
,,,,,2016-03-12,PA,Washington
,,,,,2016-03-13,PA,Washington
,,,,,2016-03-14,PA,Washington
12.78,100507.97,0.45,78.0,5.334,2016-03-15,PA,Washington
14.44,100948.2,0.0,80.0,9.144,2016-03-16,PA,Washington
,,,,,2016-03-17,PA,Washington
,,,,,2016-03-18,PA,Washington
9.44,101388.43,2.23,42.0,0.0,2016-03-19,PA,Washington
,,,,,2016-03-20,PA,Washington
,,,,,2016-03-21,PA,Washington
4.44,101794.79,0.0,52.0,0.762,2016-03-22,PA,Washington
,,,,,2016-03-23,PA,Washington
,,,,,2016-03-24,PA,Washington
,,,,,2016-03-25,PA,Washington
4.44,101794.79,0.9,72.0,5.08,2016-03-26,PA,Washington
,,,,,2016-03-27,PA,Washington
,,,,,2016-03-28,PA,Washington
7.78,101388.43,3.58,77.0,7.874,2016-03-29,PA,Washington
,,,,,2016-03-30,PA,Washington
,,,,,2016-03-31,PA,Washington
,,,,,2016-04-01,PA,Washington
,,,,,2016-04-02,PA,Washington
,,,,,2016-04-03,PA,Washington
,,,,,2016-04-04,PA,Washington
,,,,,2016-04-05,PA,Washington
2.22,102912.3,0.0,39.0,0.0,2016-04-06,PA,Washington
16.67,100304.78,3.13,22.0,0.0,2016-04-07,PA,Washington
,,,,,2016-04-08,PA,Washington
,,,,,2016-04-09,PA,Washington
-1.67,102268.89,0.9,62.0,0.254,2016-04-10,PA,Washington
,,,,,2016-04-11,PA,Washington
,,,,,2016-04-12,PA,Washington
,,,,,2016-04-13,PA,Washington
10.56,102472.07,0.0,35.0,0.0,2016-04-14,PA,Washington
,,,,,2016-04-15,PA,Washington
,,,,,2016-04-16,PA,Washington
,,,,,2016-04-17,PA,Washington
,,,,,2016-04-18,PA,Washington
23.33,102065.7,0.0,22.0,0.0,2016-04-19,PA,Washington
18.33,101930.25,0.0,32.0,0.0,2016-04-20,PA,Washington
,,,,,2016-04-21,PA,Washington
,,,,,2016-04-22,PA,Washington
,,,,,2016-04-23,PA,Washington
,,,,,2016-04-24,PA,Washington
,,,,,2016-04-25,PA,Washington
,,,,,2016-04-26,PA,Washington
,,,,,2016-04-27,PA,Washington
,,,,,2016-04-28,PA,Washington
,,,,,2016-04-29,PA,Washington
,,,,,2016-04-30,PA,Washington
,,,,,2016-05-01,PA,Washington
,,,,,2016-05-02,PA,Washington
15.0,101015.92,0.0,82.0,1.016,2016-05-03,PA,Washington
,,,,,2016-05-04,PA,Washington
,,,,,2016-05-05,PA,Washington
11.67,100457.17,0.675,90.5,2.7939999999999996,2016-05-06,PA,Washington
,,,,,2016-05-07,PA,Washington
18.89,100304.78,0.9,59.0,0.0,2016-05-08,PA,Washington
,,,,,2016-05-09,PA,Washington
12.22,101794.79,0.0,85.0,0.0,2016-05-10,PA,Washington
,,,,,2016-05-11,PA,Washington
20.0,101727.07,0.0,82.0,5.08,2016-05-12,PA,Washington
,,,,,2016-05-13,PA,Washington
18.33,101015.92,1.34,54.0,9.652,2016-05-14,PA,Washington
,,,,,2016-05-15,PA,Washington
7.78,101659.34,0.45,50.0,0.254,2016-05-16,PA,Washington
14.44,102167.3,0.0,43.0,0.0,2016-05-17,PA,Washington
,,,,,2016-05-18,PA,Washington
11.67,101896.38,0.0,84.0,11.176,2016-05-19,PA,Washington
,,,,,2016-05-20,PA,Washington
,,,,,2016-05-21,PA,Washington
,,,,,2016-05-22,PA,Washington
13.33,101151.38,0.0,99.0,9.906,2016-05-23,PA,Washington
18.33,101219.11,0.0,71.0,3.302,2016-05-24,PA,Washington
,,,,,2016-05-25,PA,Washington
,,,,,2016-05-26,PA,Washington
25.0,101388.42499999999,1.12,68.0,0.0,2016-05-27,PA,Washington
,,,,,2016-05-28,PA,Washington
,,,,,2016-05-29,PA,Washington
21.11,101456.15,0.45,80.0,5.08,2016-05-30,PA,Washington
,,,,,2016-05-31,PA,Washington
26.67,101185.24,0.0,62.0,0.0,2016-06-01,PA,Washington
,,,,,2016-06-02,PA,Washington
,,,,,2016-06-03,PA,Washington
,,,,,2016-06-04,PA,Washington
,,,,,2016-06-05,PA,Washington
19.44,100101.6,1.34,92.0,6.096,2016-06-06,PA,Washington
20.56,100237.06,0.9,82.0,2.54,2016-06-07,PA,Washington
,,,,,2016-06-08,PA,Washington
,,,,,2016-06-09,PA,Washington
,,,,,2016-06-10,PA,Washington
,,,,,2016-06-11,PA,Washington
,,,,,2016-06-12,PA,Washington
21.11,101219.11,1.34,35.0,0.0,2016-06-13,PA,Washington
,,,,,2016-06-14,PA,Washington
23.89,101354.56,0.0,41.0,0.0,2016-06-15,PA,Washington
,,,,,2016-06-16,PA,Washington
,,,,,2016-06-17,PA,Washington
,,,,,2016-06-18,PA,Washington
,,,,,2016-06-19,PA,Washington
,,,,,2016-06-20,PA,Washington
25.56,101422.29,1.34,80.0,0.0,2016-06-21,PA,Washington
27.78,100609.56,0.0,45.0,0.254,2016-06-22,PA,Washington
23.89,101185.24,0.9,64.0,0.254,2016-06-23,PA,Washington
,,,,,2016-06-24,PA,Washington
,,,,,2016-06-25,PA,Washington
27.78,101693.2,2.23,62.0,0.0,2016-06-26,PA,Washington
,,,,,2016-06-27,PA,Washington
,,,,,2016-06-28,PA,Washington
23.450000000000003,101303.765,2.285,58.18,0.0,2016-06-29,PA,Washington
21.01,101794.79,0.0,56.45,,2016-06-30,PA,Washington
22.01,101659.34,0.0,56.7,,2016-07-01,PA,Washington
20.01,101523.88,0.0,88.29,,2016-07-02,PA,Washington
19.01,102167.3,1.54,72.79,,2016-07-03,PA,Washington
20.01,101930.25,1.54,64.1,,2016-07-04,PA,Washington
21.01,101252.97,2.57,88.37,,2016-07-05,PA,Washington
26.01,101354.56,0.0,74.02,,2016-07-06,PA,Washington
27.01,101185.24,1.54,61.68,,2016-07-07,PA,Washington
26.01,101252.97,3.09,74.02,,2016-07-08,PA,Washington
26.01,101083.65,3.09,69.6,,2016-07-09,PA,Washington
23.01,101354.56,2.06,64.76,,2016-07-10,PA,Washington
24.01,101760.93,0.0,64.98,,2016-07-11,PA,Washington
24.01,101896.38,0.0,69.21,,2016-07-12,PA,Washington
27.01,101523.88,3.09,61.68,,2016-07-13,PA,Washington
28.01,101523.88,2.57,65.84,,2016-07-14,PA,Washington
22.01,101354.56,4.12,83.13,,2016-07-15,PA,Washington
25.560000000000002,101286.83499999999,1.7349999999999999,73.705,9.652,2016-07-16,PA,Washington
26.615000000000002,101642.405,0.77,58.345,0.0,2016-07-17,PA,Washington
27.01,102133.43,3.09,51.05,,2016-07-18,PA,Washington
27.01,102031.84,2.06,57.94,,2016-07-19,PA,Washington
26.340000000000003,102133.43,1.285,51.305,2.794,2016-07-20,PA,Washington
25.115000000000002,102150.36499999999,0.0,42.989999999999995,0.0,2016-07-21,PA,Washington
28.01,101997.98,1.54,54.65,,2016-07-22,PA,Washington
28.926666666666666,101354.56333333334,0.15,62.303333333333335,14.732,2016-07-23,PA,Washington
25.01,101523.88,0.0,78.54,,2016-07-24,PA,Washington
23.01,101693.2,1.54,88.54,,2016-07-25,PA,Washington
27.01,101523.88,3.6,74.19,,2016-07-26,PA,Washington
25.01,101591.61,0.0,73.85,,2016-07-27,PA,Washington
29.005000000000003,101252.97,1.285,55.59,0.0,2016-07-28,PA,Washington
22.115000000000002,101371.495,0.0,92.22999999999999,10.922,2016-07-29,PA,Washington
27.01,101456.15,0.0,57.94,,2016-07-30,PA,Washington
23.01,101456.15,2.06,88.54,,2016-07-31,PA,Washington
26.01,101659.34,0.0,69.6,,2016-08-01,PA,Washington
25.01,101760.93,0.0,69.41,,2016-08-02,PA,Washington
24.01,101794.79,0.0,69.21,,2016-08-03,PA,Washington
24.01,101862.52,0.0,69.21,,2016-08-04,PA,Washington
26.0,101727.07,3.6,61.44,,2016-08-05,PA,Washington
26.89,101032.86,2.1799999999999997,73.50999999999999,0.0,2016-08-06,PA,Washington
24.0,101286.84,2.06,57.2,,2016-08-07,PA,Washington
25.39,101405.35500000001,0.0,59.38,0.0,2016-08-08,PA,Washington
24.0,101760.93,0.0,64.98,,2016-08-09,PA,Washington
,,,,,2016-08-10,PA,Washington
23.0,102099.57,0.0,94.12,,2016-08-11,PA,Washington
28.0,101693.2,0.0,74.36,,2016-08-12,PA,Washington
29.0,101422.29,0.0,66.04,,2016-08-13,PA,Washington
28.0,101354.56,3.09,65.83,,2016-08-14,PA,Washington
22.0,102065.7,0.0,83.13,,2016-08-15,PA,Washington
25.335,102031.84,0.0,86.81,12.192,2016-08-16,PA,Washington
22.0,101997.98,1.54,94.07,,2016-08-17,PA,Washington
22.0,101862.52,2.06,83.13,,2016-08-18,PA,Washington
24.28,101777.85999999999,0.0,71.25,0.254,2016-08-19,PA,Washington
23.0,101456.15,0.0,88.54,,2016-08-20,PA,Washington
25.0,100948.2,1.54,69.4,,2016-08-21,PA,Washington
22.165,101151.38,1.2550000000000001,64.16,1.27,2016-08-22,PA,Washington
21.445,102133.43,0.0,67.89,0.0,2016-08-23,PA,Washington
21.0,102505.93,0.0,73.15,,2016-08-24,PA,Washington
26.39,101879.45,0.77,64.1,0.254,2016-08-25,PA,Washington
28.0,101760.93,2.57,69.98,,2016-08-26,PA,Washington
24.0,102031.84,1.54,83.37,,2016-08-27,PA,Washington
26.0,102133.43,0.0,78.68,,2016-08-28,PA,Washington
21.0,102404.34,6.17,83.01,,2016-08-29,PA,Washington
21.0,102235.02,1.54,77.94,,2016-08-30,PA,Washington
20.0,101862.52,2.06,77.79,,2016-08-31,PA,Washington
21.0,101456.15,2.57,83.01,,2016-09-01,PA,Washington
20.055,101845.59,1.545,61.394999999999996,0.508,2016-09-02,PA,Washington
19.0,102031.84,0.0,63.87,,2016-09-03,PA,Washington
18.0,102201.16,0.0,72.6,,2016-09-04,PA,Washington
19.0,102404.34,0.0,72.78,,2016-09-05,PA,Washington
19.0,102235.02,0.0,82.77,,2016-09-06,PA,Washington
23.0,102031.84,0.0,83.25,,2016-09-07,PA,Washington
24.0,101760.93,0.0,88.62,,2016-09-08,PA,Washington
26.61,101354.56,1.925,69.8,0.0,2016-09-09,PA,Washington
,,,,,2016-09-10,PA,Washington
27.945,101252.975,1.51,55.2,11.684,2016-09-11,PA,Washington
17.945,102218.09,1.03,76.66499999999999,3.556,2016-09-12,PA,Washington
20.813333333333333,102133.43000000001,0.0,71.16000000000001,0.0,2016-09-13,PA,Washington
21.22,102048.76999999999,0.77,65.74000000000001,0.0,2016-09-14,PA,Washington
21.11,102235.02,1.8,83.445,0.0,2016-09-15,PA,Washington
18.78,102235.025,0.77,77.16499999999999,0.0,2016-09-16,PA,Washington
23.165,101981.045,0.0,74.75,0.0,2016-09-17,PA,Washington
23.0,101659.34,1.54,78.24,,2016-09-18,PA,Washington
20.835,101625.475,0.0,89.14500000000001,0.762,2016-09-19,PA,Washington
20.11,101879.45000000001,0.0,84.555,1.016,2016-09-20,PA,Washington
20.11,102184.23000000001,0.0,74.825,0.0,2016-09-21,PA,Washington
20.89,102201.16,0.0,78.38499999999999,0.0,2016-09-22,PA,Washington
18.0,101896.38,0.0,88.11,,2016-09-23,PA,Washington
22.72,101777.85999999999,0.0,73.97,0.0,2016-09-24,PA,Washington
17.39,102167.295,1.285,73.89500000000001,0.0,2016-09-25,PA,Washington
16.165,102014.91,0.0,72.57,0.0,2016-09-26,PA,Washington
17.665,101456.155,0.77,84.25999999999999,3.81,2016-09-27,PA,Washington
13.835,101100.58499999999,0.0,69.675,0.0,2016-09-28,PA,Washington
17.886666666666667,101377.14,2.5866666666666664,77.47333333333334,0.0,2016-09-29,PA,Washington
17.0,101930.25,4.12,82.52,,2016-09-30,PA,Washington
14.0,101896.38,4.12,87.75,,2016-10-01,PA,Washington
15.61,101828.655,0.0,89.875,12.446,2016-10-02,PA,Washington
16.296666666666667,101704.48666666665,0.0,87.42333333333333,2.7939999999999996,2016-10-03,PA,Washington
15.335,101828.655,0.0,84.07,6.858,2016-10-04,PA,Washington
17.945,102116.5,1.7349999999999999,67.89500000000001,0.0,2016-10-05,PA,Washington
14.055,102235.025,0.0,78.44,0.0,2016-10-06,PA,Washington
13.0,102370.48,0.0,87.66,,2016-10-07,PA,Washington
17.39,101913.315,1.44,96.92,4.318,2016-10-08,PA,Washington
12.0,102133.43,0.0,71.47,,2016-10-09,PA,Washington
11.0,102641.39,0.0,62.0,,2016-10-10,PA,Washington
6.0,102912.3,0.0,81.06,,2016-10-11,PA,Washington
11.0,102539.8,0.0,81.75,,2016-10-12,PA,Washington
12.0,101930.25,0.0,76.52,,2016-10-13,PA,Washington
7.0,102539.8,1.54,87.09,,2016-10-14,PA,Washington
8.0,102590.595,0.0,79.53,0.0,2016-10-15,PA,Washington
15.0,102235.02,0.0,87.85,,2016-10-16,PA,Washington
16.0,101727.07,0.0,82.4,,2016-10-17,PA,Washington
20.055,101303.765,0.995,68.6,0.762,2016-10-18,PA,Washington
23.0,101219.11,2.06,64.76,,2016-10-19,PA,Washington
19.0,101896.38,2.06,72.78,,2016-10-20,PA,Washington
17.0,101219.11,1.54,93.84,,2016-10-21,PA,Washington
,,,,,2016-10-22,PA,Washington
6.0,101591.61,1.54,60.77,,2016-10-23,PA,Washington
14.780000000000001,101219.105,1.48,62.275,0.0,2016-10-24,PA,Washington
8.0,102607.53,0.0,61.27,,2016-10-25,PA,Washington
5.0,102878.44,2.06,75.32,,2016-10-26,PA,Washington
8.0,102404.34,2.57,56.99,,2016-10-27,PA,Washington
9.0,102201.16,4.63,70.88,,2016-10-28,PA,Washington
6.0,102404.34,0.0,81.06,,2016-10-29,PA,Washington
21.0,101625.47,4.12,56.44,,2016-10-30,PA,Washington
11.0,101930.25,3.09,81.75,,2016-10-31,PA,Washington
5.0,102167.3,0.0,75.32,,2016-11-01,PA,Washington
18.0,102065.7,1.54,72.6,,2016-11-02,PA,Washington
16.0,102235.02,0.0,72.23,,2016-11-03,PA,Washington
13.0,101997.98,2.06,71.66,,2016-11-04,PA,Washington
6.0,102709.12,0.0,70.27,,2016-11-05,PA,Washington
6.0,102675.25,0.0,75.5,,2016-11-06,PA,Washington
7.0,102878.44,0.0,70.47,,2016-11-07,PA,Washington
7.0,102776.85,0.0,65.6,,2016-11-08,PA,Washington
13.0,101794.79,2.06,58.29,,2016-11-09,PA,Washington
5.0,102133.43,2.57,65.13,,2016-11-10,PA,Washington
9.0,101557.75,3.09,57.25,,2016-11-11,PA,Washington
5.0,102404.34,2.57,56.19,,2016-11-12,PA,Washington
0.6100000000000001,102675.25,0.0,75.02000000000001,0.0,2016-11-13,PA,Washington
1.0,102031.84,0.0,64.18,,2016-11-14,PA,Washington
3.0,101591.61,0.0,64.66,,2016-11-15,PA,Washington
4.0,101219.11,0.0,64.9,,2016-11-16,PA,Washington
5.0,101557.75,0.0,80.92,,2016-11-17,PA,Washington
6.0,101930.25,0.0,75.5,,2016-11-18,PA,Washington
13.39,101744.0,0.0,60.44,0.0,2016-11-19,PA,Washington
1.0,101557.75,6.69,74.6,,2016-11-20,PA,Washington
-1.0550000000000002,101743.995,4.58,69.85,0.0,2016-11-21,PA,Washington
-2.0,102133.43,1.54,50.09,,2016-11-22,PA,Washington
-2.335,102709.11499999999,0.0,70.67,0.0,2016-11-23,PA,Washington
4.0,102031.84,0.0,55.91,,2016-11-24,PA,Washington
10.0,102167.295,1.51,83.09,0.762,2016-11-25,PA,Washington
4.0,102404.34,0.0,69.85,,2016-11-26,PA,Washington
4.0,102438.21,2.06,60.26,,2016-11-27,PA,Washington
-1.0,102031.84,0.0,80.04,,2016-11-28,PA,Washington
11.0,100982.06,4.12,37.36,,2016-11-29,PA,Washington
9.0,101049.79,0.0,76.02,,2016-11-30,PA,Washington
13.0,100000.01,1.54,87.66,,2016-12-01,PA,Washington
3.165,101405.35999999999,3.6849999999999996,65.0,2.794,2016-12-02,PA,Washington
2.0,102065.7,4.12,74.78,,2016-12-03,PA,Washington
1.835,102539.795,1.8,71.71000000000001,0.0,2016-12-04,PA,Washington
4.5,101388.42499999999,0.0,62.129999999999995,0.0,2016-12-05,PA,Washington
0.33499999999999996,101845.59,0.0,78.11,3.556,2016-12-06,PA,Washington
,,,,,2016-12-07,PA,Washington
3.0,101828.66,0.0,51.56,,2016-12-08,PA,Washington
-4.0,102336.62,6.69,58.14,,2016-12-09,PA,Washington
-3.665,103064.685,1.925,70.555,0.0,2016-12-10,PA,Washington
-4.779999999999999,103183.20999999999,1.03,65.07,0.0,2016-12-11,PA,Washington
2.0,101693.2,2.06,55.36,,2016-12-12,PA,Washington
1.0,101828.66,4.12,59.48,,2016-12-13,PA,Washington
-0.78,101676.26999999999,0.0,91.63,0.508,2016-12-14,PA,Washington
-6.0,101591.61,4.12,67.65,,2016-12-15,PA,Washington
-13.0,102675.25,4.12,60.58,,2016-12-16,PA,Washington
-8.0,101997.98,2.06,52.47,,2016-12-17,PA,Washington
14.0,100575.69,5.14,87.75,,2016-12-18,PA,Washington
-3.165,103098.54999999999,1.665,69.6,29.464,2016-12-19,PA,Washington
-7.0,103623.44,0.0,79.1,,2016-12-20,PA,Washington
0.0,102336.62,2.06,54.8,,2016-12-21,PA,Washington
-2.0,102031.84,0.0,74.03,,2016-12-22,PA,Washington
2.0,102709.12,2.06,64.42,,2016-12-23,PA,Washington
2.0,102404.34,2.06,64.42,,2016-12-24,PA,Washington
5.0,102539.8,0.225,86.96000000000001,0.762,2016-12-25,PA,Washington
1.5550000000000002,103098.54999999999,1.03,81.39,0.0,2016-12-26,PA,Washington
17.52,101681.91333333333,2.5433333333333334,65.80666666666667,0.889,2016-12-27,PA,Washington
3.0,101760.93,3.09,60.0,,2016-12-28,PA,Washington
-2.0,101693.2,0.0,68.56,,2016-12-29,PA,Washington
2.0,100745.01,4.63,55.36,,2016-12-30,PA,Washington
1.67,102302.75,0.45,83.0,0.0,2016-01-01,PA,Westmoreland
-0.05499999999999994,101997.98,1.34,68.0,0.0,2016-01-02,PA,Westmoreland
-0.89,101625.47,0.0,84.0,0.0,2016-01-03,PA,Westmoreland
0.56,101591.61,0.45,83.0,0.0,2016-01-04,PA,Westmoreland
,,,,,2016-01-05,PA,Westmoreland
-7.13,103437.195,0.0,58.0,0.0,2016-01-06,PA,Westmoreland
-1.67,102810.70999999999,0.0,63.0,0.127,2016-01-07,PA,Westmoreland
-2.22,102133.43,0.0,74.0,0.254,2016-01-08,PA,Westmoreland
3.3899999999999997,101456.15,0.0,92.0,3.556,2016-01-09,PA,Westmoreland
7.78,101083.65,0.45,82.0,2.032,2016-01-10,PA,Westmoreland
-0.56,100745.01,0.0,86.0,16.256,2016-01-11,PA,Westmoreland
-7.5,101794.79,0.0,77.0,0.0,2016-01-12,PA,Westmoreland
-8.020000000000001,101388.42499999999,2.0100000000000002,70.0,0.127,2016-01-13,PA,Westmoreland
-7.78,101693.2,0.0,65.0,0.0,2016-01-14,PA,Westmoreland
4.22,101185.24,0.0,85.0,1.016,2016-01-15,PA,Westmoreland
6.03,100000.01,0.0,83.0,0.0,2016-01-16,PA,Westmoreland
-0.1399999999999999,101083.65,0.45,84.0,4.826,2016-01-17,PA,Westmoreland
-3.3600000000000003,100914.33,0.45,77.0,0.0,2016-01-18,PA,Westmoreland
-12.865,102133.43,0.45,77.0,0.0,2016-01-19,PA,Westmoreland
-10.635,103081.62,0.0,71.0,0.0,2016-01-20,PA,Westmoreland
-7.39,101997.98,0.0,88.0,0.0,2016-01-21,PA,Westmoreland
-6.53,102709.12,0.0,79.0,0.0,2016-01-22,PA,Westmoreland
-7.865,101625.47,0.45,88.0,0.0,2016-01-23,PA,Westmoreland
-2.78,101422.29,0.45,75.0,0.0,2016-01-24,PA,Westmoreland
-5.830000000000001,102048.76999999999,0.0,80.0,1.143,2016-01-25,PA,Westmoreland
-2.1133333333333333,101828.66,0.225,81.0,2.54,2016-01-26,PA,Westmoreland
2.5933333333333333,101794.795,0.45,71.0,1.143,2016-01-27,PA,Westmoreland
-4.65,102110.85333333333,0.0,62.0,0.0,2016-01-28,PA,Westmoreland
1.7966666666666666,100524.89499999999,0.225,56.0,0.0,2016-01-29,PA,Westmoreland
-3.1125,101602.89666666667,0.6,62.0,0.0,2016-01-30,PA,Westmoreland
8.378,100998.99250000001,0.67,40.0,0.3175,2016-01-31,PA,Westmoreland
7.78,100728.08,0.0,66.5,0.0,2016-02-01,PA,Westmoreland
5.0,101760.93,0.0,80.0,1.778,2016-02-02,PA,Westmoreland
6.39,101625.47,0.45,64.0,0.127,2016-02-03,PA,Westmoreland
13.33,100778.88,0.0,80.0,8.382,2016-02-04,PA,Westmoreland
2.0366666666666666,102156.01000000001,0.3,73.0,0.0,2016-02-05,PA,Westmoreland
-2.22,102878.44,0.0,72.0,0.0,2016-02-06,PA,Westmoreland
1.3900000000000001,102285.82,0.0,54.5,0.0,2016-02-07,PA,Westmoreland
2.5566666666666666,101422.29000000001,0.0,68.0,0.0,2016-02-08,PA,Westmoreland
2.33,100237.06,0.0,90.0,0.762,2016-02-09,PA,Westmoreland
-2.78,100575.69,0.9,90.0,0.762,2016-02-10,PA,Westmoreland
-6.67,101219.11,0.9,78.0,0.0,2016-02-11,PA,Westmoreland
-10.25,102438.21,0.0,65.0,0.0,2016-02-12,PA,Westmoreland
-6.67,101523.88,0.0,88.0,0.0,2016-02-13,PA,Westmoreland
-12.22,103013.89,0.9,77.0,0.0,2016-02-14,PA,Westmoreland
-8.055,102827.64,0.225,60.0,0.127,2016-02-15,PA,Westmoreland
0.5566666666666666,101439.22,0.0,93.5,1.651,2016-02-16,PA,Westmoreland
0.8350000000000001,100931.265,0.45,94.0,14.986,2016-02-17,PA,Westmoreland
0.0,102426.91666666667,1.49,87.66666666666667,0.0,2016-02-18,PA,Westmoreland
-3.7,103327.13249999999,0.0,61.75,0.127,2016-02-19,PA,Westmoreland
9.125,101185.24333333333,0.8966666666666666,51.333333333333336,0.16933333333333334,2016-02-20,PA,Westmoreland
14.805,101185.24,0.0,45.0,0.0,2016-02-21,PA,Westmoreland
8.89,101456.15,2.68,63.0,0.0,2016-02-22,PA,Westmoreland
6.5,101913.315,0.225,49.5,0.0,2016-02-23,PA,Westmoreland
6.17,101625.47,0.45,77.0,0.0,2016-02-24,PA,Westmoreland
8.056666666666667,98950.225,0.0,94.0,9.652,2016-02-25,PA,Westmoreland
-1.445,100711.15,0.45,83.0,10.922,2016-02-26,PA,Westmoreland
-3.5566666666666666,102489.005,0.45,57.5,0.0,2016-02-27,PA,Westmoreland
1.92,101693.2,0.0,67.0,0.254,2016-02-28,PA,Westmoreland
14.44,100575.69,0.0,47.0,0.0,2016-02-29,PA,Westmoreland
7.073333333333333,101794.79,0.895,59.0,1.905,2016-03-01,PA,Westmoreland
17.78,99932.28,3.58,43.0,0.0,2016-03-02,PA,Westmoreland
-2.945,101997.98,1.34,68.0,7.62,2016-03-03,PA,Westmoreland
-0.835,102133.43,0.225,79.5,0.0,2016-03-04,PA,Westmoreland
0.56,102099.57,0.0,80.0,1.524,2016-03-05,PA,Westmoreland
3.8850000000000002,101947.18,0.0,69.0,0.127,2016-03-06,PA,Westmoreland
,,,,,2016-03-07,PA,Westmoreland
14.44,101862.52,0.0,54.0,0.254,2016-03-08,PA,Westmoreland
14.445,102082.635,0.0,68.5,0.0,2016-03-09,PA,Westmoreland
17.96666666666667,101851.23333333334,0.0,56.333333333333336,0.0,2016-03-10,PA,Westmoreland
15.555,101811.725,0.0,96.0,2.667,2016-03-11,PA,Westmoreland
8.61,102946.16500000001,0.0,74.0,10.286999999999999,2016-03-12,PA,Westmoreland
16.723333333333333,102031.84,0.0,73.0,0.0,2016-03-13,PA,Westmoreland
11.183333333333332,101422.29000000001,1.345,90.5,2.286,2016-03-14,PA,Westmoreland
12.78,100677.29,1.79,81.0,5.08,2016-03-15,PA,Westmoreland
13.33,101049.79,0.0,83.0,2.794,2016-03-16,PA,Westmoreland
16.11,100948.2,2.23,32.0,0.508,2016-03-17,PA,Westmoreland
9.44,101185.24,0.0,56.0,0.0,2016-03-18,PA,Westmoreland
10.0,101490.02,3.58,48.0,0.0,2016-03-19,PA,Westmoreland
2.915,101760.93,0.0,86.0,0.508,2016-03-20,PA,Westmoreland
0.17,,,,,2016-03-21,PA,Westmoreland
3.89,101862.52,0.9,59.0,2.032,2016-03-22,PA,Westmoreland
13.055,101574.68,0.225,34.5,0.0,2016-03-23,PA,Westmoreland
16.67,101422.29,0.0,56.0,0.254,2016-03-24,PA,Westmoreland
23.335,100135.465,2.0100000000000002,41.5,0.0,2016-03-25,PA,Westmoreland
9.44,101354.56,0.9,83.0,3.556,2016-03-26,PA,Westmoreland
12.22,102268.89,0.0,42.0,0.0,2016-03-27,PA,Westmoreland
17.775,101236.04000000001,1.565,62.0,0.0,2016-03-28,PA,Westmoreland
,,,,,2016-03-29,PA,Westmoreland
7.683333333333333,102353.545,0.0,40.5,1.27,2016-03-30,PA,Westmoreland
17.516666666666666,101439.22,0.225,36.0,0.0,2016-03-31,PA,Westmoreland
20.0,100270.92,0.0,60.5,0.381,2016-04-01,PA,Westmoreland
15.0,100474.1,0.675,46.5,1.905,2016-04-02,PA,Westmoreland
3.33,99796.82,2.68,91.0,3.556,2016-04-03,PA,Westmoreland
,,,,,2016-04-04,PA,Westmoreland
1.11,101794.79,2.68,79.0,6.604,2016-04-05,PA,Westmoreland
2.5,102726.05,0.0,47.5,0.0,2016-04-06,PA,Westmoreland
15.835,100592.625,1.34,30.5,0.0,2016-04-07,PA,Westmoreland
,,,,,2016-04-08,PA,Westmoreland
5.56,100812.74,0.45,59.0,0.508,2016-04-09,PA,Westmoreland
-1.3900000000000001,102218.095,1.79,67.5,2.54,2016-04-10,PA,Westmoreland
6.665,101760.93,0.0,53.5,0.254,2016-04-11,PA,Westmoreland
,,,,,2016-04-12,PA,Westmoreland
6.67,102573.66,2.23,52.0,11.43,2016-04-13,PA,Westmoreland
11.39,102370.48000000001,0.0,39.0,0.0,2016-04-14,PA,Westmoreland
15.555,102607.525,0.225,33.0,0.0,2016-04-15,PA,Westmoreland
18.89,102539.8,0.0,33.0,0.0,2016-04-16,PA,Westmoreland
19.44,102709.12,0.0,47.0,0.0,2016-04-17,PA,Westmoreland
22.036666666666665,102799.42,0.15,38.0,0.0,2016-04-18,PA,Westmoreland
22.78,102201.16,0.0,36.0,0.0,2016-04-19,PA,Westmoreland
19.44,101964.11,0.0,33.0,0.0,2016-04-20,PA,Westmoreland
20.555,102268.88500000001,0.0,20.5,0.0,2016-04-21,PA,Westmoreland
21.11,101219.11,0.0,63.0,0.0,2016-04-22,PA,Westmoreland
15.0,101100.58,0.0,95.5,7.747,2016-04-23,PA,Westmoreland
13.89,101794.79,1.79,61.0,0.508,2016-04-24,PA,Westmoreland
17.22,101608.54000000001,0.0,42.5,0.0,2016-04-25,PA,Westmoreland
23.884999999999998,100829.675,0.0,46.0,0.0,2016-04-26,PA,Westmoreland
21.11,100745.01,1.79,67.0,4.572,2016-04-27,PA,Westmoreland
15.280000000000001,101371.495,0.225,76.5,0.0,2016-04-28,PA,Westmoreland
13.055,101523.88,0.45,96.5,11.684000000000001,2016-04-29,PA,Westmoreland
11.805,101913.31499999999,0.0,91.75,0.1905,2016-04-30,PA,Westmoreland
14.44,102302.75,0.45,85.0,0.0,2016-05-01,PA,Westmoreland
16.853333333333335,101535.17,0.0,95.66666666666667,9.144,2016-05-02,PA,Westmoreland
16.11,101286.84,0.0,80.0,2.032,2016-05-03,PA,Westmoreland
15.56,101202.175,0.0,65.5,0.127,2016-05-04,PA,Westmoreland
12.5,100338.64499999999,0.0,92.0,1.27,2016-05-05,PA,Westmoreland
,,,,,2016-05-06,PA,Westmoreland
,,,,,2016-05-07,PA,Westmoreland
17.22,100237.06,0.0,70.0,0.254,2016-05-08,PA,Westmoreland
14.39,,,,,2016-05-09,PA,Westmoreland
11.33,101964.11,0.0,86.0,0.0,2016-05-10,PA,Westmoreland
19.44,101862.52,0.0,80.0,2.286,2016-05-11,PA,Westmoreland
,,,,,2016-05-12,PA,Westmoreland
,,,,,2016-05-13,PA,Westmoreland
18.055,101219.11,0.0,60.5,9.398,2016-05-14,PA,Westmoreland
5.613333333333333,101117.52,0.0,92.5,8.001,2016-05-15,PA,Westmoreland
8.055,101743.995,0.225,58.0,0.0,2016-05-16,PA,Westmoreland
14.44,102844.57,1.79,32.0,0.0,2016-05-17,PA,Westmoreland
14.44,101997.98,0.0,71.0,0.0,2016-05-18,PA,Westmoreland
12.78,101964.11,0.0,84.0,8.382,2016-05-19,PA,Westmoreland
17.78,102472.07,0.225,38.5,0.127,2016-05-20,PA,Westmoreland
20.56,101828.655,1.12,49.0,0.0,2016-05-21,PA,Westmoreland
13.33,101286.84,0.0,95.0,21.336,2016-05-22,PA,Westmoreland
15.0,101354.56,0.0,85.0,3.048,2016-05-23,PA,Westmoreland
18.33,101490.02,0.0,78.0,1.524,2016-05-24,PA,Westmoreland
,,,,,2016-05-25,PA,Westmoreland
22.78,101964.11,0.0,71.0,0.0,2016-05-26,PA,Westmoreland
25.55666666666667,101546.45666666667,0.0,68.33333333333333,0.0,2016-05-27,PA,Westmoreland
26.4725,101557.74666666666,0.0,68.33333333333333,0.0,2016-05-28,PA,Westmoreland
25.5,101806.08,0.15,71.33333333333333,0.0,2016-05-29,PA,Westmoreland
19.365000000000002,101794.79,0.0,85.0,0.254,2016-05-30,PA,Westmoreland
26.39,101405.36,0.225,50.0,0.0,2016-05-31,PA,Westmoreland
26.67,101354.56,0.0,52.0,0.0,2016-06-01,PA,Westmoreland
26.67,101490.02,0.0,60.0,0.0,2016-06-02,PA,Westmoreland
20.335,101591.61,0.45,87.0,1.778,2016-06-03,PA,Westmoreland
,,,,,2016-06-04,PA,Westmoreland
,,,,,2016-06-05,PA,Westmoreland
,,,,,2016-06-06,PA,Westmoreland
,,,,,2016-06-07,PA,Westmoreland
,,,,,2016-06-08,PA,Westmoreland
,,,,,2016-06-09,PA,Westmoreland
,,,,,2016-06-10,PA,Westmoreland
,,,,,2016-06-11,PA,Westmoreland
,,,,,2016-06-12,PA,Westmoreland
21.67,101354.56,1.34,35.0,0.0,2016-06-13,PA,Westmoreland
21.67,101219.11,0.0,60.0,0.0,2016-06-14,PA,Westmoreland
,,,,,2016-06-15,PA,Westmoreland
24.165,100728.07999999999,0.0,89.0,3.556,2016-06-16,PA,Westmoreland
,,,,,2016-06-17,PA,Westmoreland
23.33,101523.88,0.0,65.0,7.874,2016-06-18,PA,Westmoreland
,,,,,2016-06-19,PA,Westmoreland
,,,,,2016-06-20,PA,Westmoreland
26.67,102302.75,1.34,67.0,0.0,2016-06-21,PA,Westmoreland
24.5,,,,,2016-06-22,PA,Westmoreland
23.89,101354.56,0.0,61.0,0.0,2016-06-23,PA,Westmoreland
20.0,,,,,2016-06-24,PA,Westmoreland
,,,,,2016-06-25,PA,Westmoreland
24.17,,,,,2016-06-26,PA,Westmoreland
28.89,101591.61,0.0,53.0,0.0,2016-06-27,PA,Westmoreland
28.33,101219.11,0.0,63.0,0.0,2016-06-28,PA,Westmoreland
23.89,101997.98,0.45,61.0,0.0,2016-06-29,PA,Westmoreland
19.256666666666664,101947.18,0.0,74.33333333333333,0.0,2016-06-30,PA,Westmoreland
22.959999999999997,101704.48999999999,0.0,58.333333333333336,0.08466666666666667,2016-07-01,PA,Westmoreland
22.036666666666665,101569.03666666667,0.0,81.66666666666667,0.08466666666666667,2016-07-02,PA,Westmoreland
19.72,102353.55,0.0,73.0,0.0,2016-07-03,PA,Westmoreland
20.555,102133.43,0.0,79.0,0.127,2016-07-04,PA,Westmoreland
21.945,101490.015,0.0,91.5,3.9370000000000003,2016-07-05,PA,Westmoreland
26.665,101591.61,0.45,83.5,2.032,2016-07-06,PA,Westmoreland
26.853333333333335,101207.81666666665,0.15,71.0,0.0,2016-07-07,PA,Westmoreland
25.3775,101275.54666666668,0.15,81.33333333333333,4.402666666666667,2016-07-08,PA,Westmoreland
26.483333333333334,101207.81666666667,0.4466666666666667,78.33333333333333,1.016,2016-07-09,PA,Westmoreland
23.886666666666667,101444.86666666665,0.8933333333333334,74.0,0.0,2016-07-10,PA,Westmoreland
24.906666666666666,101981.045,1.115,50.0,0.0,2016-07-11,PA,Westmoreland
24.856,101913.315,0.0,66.0,0.0,2016-07-12,PA,Westmoreland
28.915,101546.45666666667,0.45,60.666666666666664,0.0,2016-07-13,PA,Westmoreland
27.97,101569.03666666667,0.0,73.66666666666667,0.0,2016-07-14,PA,Westmoreland
26.906666666666666,101435.83399999999,0.36,67.0,3.1496,2016-07-15,PA,Westmoreland
22.915,101498.485,0.56,84.5,7.62,2016-07-16,PA,Westmoreland
25.743333333333336,101930.25,0.8933333333333334,71.0,17.526,2016-07-17,PA,Westmoreland
27.441999999999997,102262.11600000001,0.716,57.0,28.194,2016-07-18,PA,Westmoreland
27.206666666666667,101947.18,1.34,66.0,3.048,2016-07-19,PA,Westmoreland
25.983333333333334,102133.43,1.12,54.0,0.254,2016-07-20,PA,Westmoreland
24.445,102302.75,0.0,53.0,0.0,2016-07-21,PA,Westmoreland
27.333333333333332,101828.655,0.225,60.0,0.0,2016-07-22,PA,Westmoreland
28.89,101422.29,0.4466666666666667,71.33333333333333,1.1006666666666667,2016-07-23,PA,Westmoreland
27.11,101557.75,0.0,80.0,50.038,2016-07-24,PA,Westmoreland
24.1925,101918.96,0.0,80.0,11.768666666666666,2016-07-25,PA,Westmoreland
27.036666666666665,101625.47333333333,0.15,78.33333333333333,3.8946666666666663,2016-07-26,PA,Westmoreland
26.11,101650.8725,0.0,72.0,0.0635,2016-07-27,PA,Westmoreland
28.3325,101540.815,0.0,63.0,0.0,2016-07-28,PA,Westmoreland
23.5125,101569.03333333333,0.0,72.33333333333333,4.656666666666666,2016-07-29,PA,Westmoreland
25.0,101625.47,0.0,70.0,1.397,2016-07-30,PA,Westmoreland
22.78,101727.065,0.0,68.0,31.369,2016-07-31,PA,Westmoreland
25.56,101828.66,0.0,73.5,0.635,2016-08-01,PA,Westmoreland
25.0,101885.09666666668,0.4466666666666667,75.66666666666667,0.0,2016-08-02,PA,Westmoreland
26.11,101896.38500000001,0.0,65.0,0.0,2016-08-03,PA,Westmoreland
25.835,102116.5,0.225,62.0,0.0,2016-08-04,PA,Westmoreland
24.816666666666666,101997.975,0.45,63.0,0.635,2016-08-05,PA,Westmoreland
25.0,101490.015,0.225,75.0,0.0,2016-08-06,PA,Westmoreland
24.7225,101506.95000000001,0.3375,59.5,4.699,2016-08-07,PA,Westmoreland
25.555,101879.455,0.45,48.5,0.0,2016-08-08,PA,Westmoreland
29.44,109685.07,0.9,50.0,0.0,2016-08-09,PA,Westmoreland
27.0825,102057.23750000002,0.225,70.5,0.0,2016-08-10,PA,Westmoreland
27.5,102116.5,0.0,83.0,1.016,2016-08-11,PA,Westmoreland
28.335,101608.5425,0.0,76.25,0.8255,2016-08-12,PA,Westmoreland
29.44333333333333,101331.98666666665,0.0,74.66666666666667,0.0,2016-08-13,PA,Westmoreland
29.44333333333333,101264.25666666667,0.45,67.33333333333333,1.3546666666666667,2016-08-14,PA,Westmoreland
23.33,102505.93,0.0,100.0,25.4,2016-08-15,PA,Westmoreland
24.445,102404.345,0.0,93.5,0.889,2016-08-16,PA,Westmoreland
22.22,102505.93,0.0,100.0,14.732,2016-08-17,PA,Westmoreland
22.776666666666667,101659.33666666667,2.236666666666667,94.66666666666667,13.800666666666666,2016-08-18,PA,Westmoreland
25.0,101219.11,0.0,80.0,0.254,2016-08-19,PA,Westmoreland
25.336000000000002,101286.836,1.342,76.6,0.0,2016-08-20,PA,Westmoreland
24.63,100824.02999999998,0.4466666666666667,84.66666666666667,0.8466666666666667,2016-08-21,PA,Westmoreland
21.6675,101176.7775,0.0,75.5,17.3355,2016-08-22,PA,Westmoreland
20.0,102302.75,0.0,78.5,0.0,2016-08-23,PA,Westmoreland
23.61,101964.11499999999,0.225,68.0,0.0,2016-08-24,PA,Westmoreland
25.186666666666667,101715.77666666667,0.4466666666666667,70.0,0.0,2016-08-25,PA,Westmoreland
26.98,101236.04000000001,0.225,79.5,0.381,2016-08-26,PA,Westmoreland
24.89,101670.62333333334,0.7466666666666667,77.66666666666667,5.08,2016-08-27,PA,Westmoreland
26.53,101738.34999999999,0.15,78.66666666666667,0.0,2016-08-28,PA,Westmoreland
21.94333333333333,102302.755,2.235,81.5,1.143,2016-08-29,PA,Westmoreland
22.775,101727.07,0.0,78.0,14.224,2016-08-30,PA,Westmoreland
21.0,101354.56,0.0,69.0,0.0,2016-08-31,PA,Westmoreland
22.595,101015.92333333334,0.15,79.66666666666667,0.0,2016-09-01,PA,Westmoreland
19.91,101303.76999999999,0.0,64.0,0.762,2016-09-02,PA,Westmoreland
18.923333333333332,101777.86,0.0,79.5,0.0,2016-09-03,PA,Westmoreland
20.203333333333333,101727.07,0.0,66.5,0.0,2016-09-04,PA,Westmoreland
19.415,101964.11,0.0,83.0,0.0,2016-09-05,PA,Westmoreland
22.073333333333334,101997.975,0.0,71.5,0.0,2016-09-06,PA,Westmoreland
24.305,101490.02,0.0,84.0,0.0,2016-09-07,PA,Westmoreland
23.83,101286.84,0.0,94.0,10.922,2016-09-08,PA,Westmoreland
26.525,100846.6,1.79,68.0,9.652,2016-09-09,PA,Westmoreland
23.0,101168.315,1.345,92.0,4.953,2016-09-10,PA,Westmoreland
27.3025,100891.75666666667,0.8966666666666666,55.666666666666664,8.974666666666666,2016-09-11,PA,Westmoreland
17.525,101693.2,0.0,80.0,2.286,2016-09-12,PA,Westmoreland
19.33,101608.54000000001,0.45,74.0,0.0,2016-09-13,PA,Westmoreland
21.595,101670.62333333334,0.3,63.666666666666664,0.0,2016-09-14,PA,Westmoreland
20.833333333333332,101710.13500000001,1.12,86.0,0.0,2016-09-15,PA,Westmoreland
17.22,101794.79,0.0,86.0,0.0,2016-09-16,PA,Westmoreland
20.150000000000002,101490.01999999999,3.8,76.5,0.0,2016-09-17,PA,Westmoreland
24.11,101219.11,3.13,76.0,0.0,2016-09-18,PA,Westmoreland
20.89,101354.5625,0.1125,91.25,6.5405,2016-09-19,PA,Westmoreland
20.096666666666668,101337.63,0.225,88.0,0.762,2016-09-20,PA,Westmoreland
19.7925,101806.08333333333,0.15,72.33333333333333,1.4393333333333331,2016-09-21,PA,Westmoreland
20.71,101964.11333333333,0.15,73.33333333333333,0.0,2016-09-22,PA,Westmoreland
21.012,101710.1325,0.1125,70.75,0.0,2016-09-23,PA,Westmoreland
21.166666666666668,101540.815,0.0,79.0,0.0,2016-09-24,PA,Westmoreland
14.979999999999999,101947.185,0.0,84.5,0.0,2016-09-25,PA,Westmoreland
15.13,101777.86,0.0,71.0,0.0,2016-09-26,PA,Westmoreland
19.44,101591.61,2.23,80.0,0.508,2016-09-27,PA,Westmoreland
14.8625,101159.845,0.335,64.5,0.0635,2016-09-28,PA,Westmoreland
18.33,101523.88,5.81,76.0,0.0,2016-09-29,PA,Westmoreland
16.11,102031.84,3.58,92.0,15.748,2016-09-30,PA,Westmoreland
15.56,102031.84,2.68,85.0,2.032,2016-10-01,PA,Westmoreland
16.665,101540.815,0.675,92.0,5.715,2016-10-02,PA,Westmoreland
16.11,101540.815,0.0,91.0,0.127,2016-10-03,PA,Westmoreland
13.89,101997.98,0.0,93.0,2.032,2016-10-04,PA,Westmoreland
16.945,102082.64,2.24,71.5,0.0,2016-10-05,PA,Westmoreland
15.0,102404.34,3.58,75.0,0.0,2016-10-06,PA,Westmoreland
14.813333333333333,102268.88666666667,0.45,78.0,0.0,2016-10-07,PA,Westmoreland
17.593333333333334,102246.31333333334,0.0,96.33333333333333,6.603999999999999,2016-10-08,PA,Westmoreland
12.22,102099.57,0.0,100.0,46.228,2016-10-09,PA,Westmoreland
12.036666666666667,102505.93666666666,0.5966666666666667,67.66666666666667,0.0,2016-10-10,PA,Westmoreland
7.9175,102996.96,0.0,77.5,0.0,2016-10-11,PA,Westmoreland
13.15,102359.19333333334,0.0,82.0,0.0,2016-10-12,PA,Westmoreland
15.835,101710.135,1.34,70.0,0.0,2016-10-13,PA,Westmoreland
8.89,102539.8,0.0,93.0,7.366,2016-10-14,PA,Westmoreland
7.78,102421.275,0.0,87.0,0.0,2016-10-15,PA,Westmoreland
19.165,102319.685,2.46,73.0,0.0,2016-10-16,PA,Westmoreland
17.22,101727.07,0.0,86.0,0.0,2016-10-17,PA,Westmoreland
20.74,101309.40999999999,0.75,68.66666666666667,4.148666666666666,2016-10-18,PA,Westmoreland
24.165,100982.06,1.12,64.0,0.0,2016-10-19,PA,Westmoreland
18.055,101743.995,0.0,86.5,0.381,2016-10-20,PA,Westmoreland
17.78,101540.815,0.225,95.0,6.603999999999999,2016-10-21,PA,Westmoreland
9.44,100948.2,1.79,97.0,52.324,2016-10-22,PA,Westmoreland
6.666666666666667,101557.74333333333,1.7866666666666668,68.0,4.402666666666667,2016-10-23,PA,Westmoreland
13.61,101710.135,1.34,70.0,0.127,2016-10-24,PA,Westmoreland
10.0,102539.8,0.9,63.0,0.0,2016-10-25,PA,Westmoreland
4.720000000000001,102624.45999999999,0.0,79.5,0.0,2016-10-26,PA,Westmoreland
9.04,102827.64,2.235,64.5,0.0,2016-10-27,PA,Westmoreland
9.725000000000001,102133.43,3.13,79.0,3.048,2016-10-28,PA,Westmoreland
5.926666666666666,102167.295,0.0,80.5,0.0,2016-10-29,PA,Westmoreland
21.36,101444.87,1.64,62.333333333333336,0.0,2016-10-30,PA,Westmoreland
11.1125,101704.48999999999,1.64,90.33333333333333,3.979333333333333,2016-10-31,PA,Westmoreland
6.390000000000001,102319.68,0.0,81.5,0.0,2016-11-01,PA,Westmoreland
19.05666666666667,102031.84,1.34,74.5,0.0,2016-11-02,PA,Westmoreland
18.39,102268.89,0.0,82.0,0.0,2016-11-03,PA,Westmoreland
11.37,101760.93,0.45,88.0,0.762,2016-11-04,PA,Westmoreland
5.970000000000001,102742.98,0.0,87.0,0.0,2016-11-05,PA,Westmoreland
9.926666666666668,102421.275,2.01,61.0,0.0,2016-11-06,PA,Westmoreland
9.824000000000002,102692.1875,0.4475,50.5,0.0,2016-11-07,PA,Westmoreland
8.4,102661.706,0.09,64.0,0.0,2016-11-08,PA,Westmoreland
13.83,101659.34,0.0,65.5,0.0,2016-11-09,PA,Westmoreland
5.92,102020.55,1.1900000000000002,84.33333333333333,5.7573333333333325,2016-11-10,PA,Westmoreland
9.07,101388.425,1.565,58.0,0.0,2016-11-11,PA,Westmoreland
5.0,,,,,2016-11-12,PA,Westmoreland
0.24333333333333337,102472.07,0.0,74.0,0.0,2016-11-13,PA,Westmoreland
2.1300000000000003,101981.04500000001,0.0,73.5,0.0,2016-11-14,PA,Westmoreland
4.3533333333333335,101557.745,0.0,69.0,0.0,2016-11-15,PA,Westmoreland
3.3340000000000005,101032.85749999998,0.1125,64.25,0.0,2016-11-16,PA,Westmoreland
9.0,,,,,2016-11-17,PA,Westmoreland
6.1,101955.64499999999,0.0,81.75,0.0,2016-11-18,PA,Westmoreland
9.9575,101602.89999999998,0.0,69.33333333333333,0.0,2016-11-19,PA,Westmoreland
1.08,101329.1625,2.35,83.25,3.8100000000000005,2016-11-20,PA,Westmoreland
-1.9325,101433.58,2.983333333333333,80.66666666666667,0.0,2016-11-21,PA,Westmoreland
-0.63,102004.74799999999,2.3259999999999996,59.4,0.0,2016-11-22,PA,Westmoreland
-2.9575000000000005,102754.27,0.0,78.33333333333333,0.0,2016-11-23,PA,Westmoreland
6.601999999999999,102124.965,1.3425,48.75,0.0,2016-11-24,PA,Westmoreland
9.522,102362.0125,0.335,95.0,2.6035000000000004,2016-11-25,PA,Westmoreland
5.036666666666666,102302.755,0.225,76.5,0.254,2016-11-26,PA,Westmoreland
2.9600000000000004,102302.755,0.0,73.0,0.0,2016-11-27,PA,Westmoreland
-0.19499999999999998,102058.932,1.074,78.8,0.0,2016-11-28,PA,Westmoreland
8.690000000000001,101024.39,3.465,46.5,0.0,2016-11-29,PA,Westmoreland
8.24,100660.35,2.46,87.0,1.524,2016-11-30,PA,Westmoreland
13.2775,100282.20333333332,0.3,92.0,8.466666666666667,2016-12-01,PA,Westmoreland
2.3866666666666667,101388.425,0.675,69.5,5.715,2016-12-02,PA,Westmoreland
1.6133333333333333,101997.975,0.675,77.5,0.0,2016-12-03,PA,Westmoreland
1.6825,102156.01,1.0433333333333332,79.66666666666667,0.0,2016-12-04,PA,Westmoreland
3.4400000000000004,101591.61,2.23,65.0,0.0,2016-12-05,PA,Westmoreland
0.5,101964.11,0.0,88.0,6.858,2016-12-06,PA,Westmoreland
3.725,100846.6,1.34,90.0,11.938,2016-12-07,PA,Westmoreland
0.7925,101839.94666666667,0.0,70.66666666666667,1.524,2016-12-08,PA,Westmoreland
-4.151999999999999,102099.5675,1.9025,62.25,0.0,2016-12-09,PA,Westmoreland
-4.33,102844.57,1.79,74.5,0.0,2016-12-10,PA,Westmoreland
-4.525,103183.21,5.81,68.0,0.0,2016-12-11,PA,Westmoreland
-0.13499999999999995,101896.38,7.15,60.0,0.0,2016-12-12,PA,Westmoreland
0.7433333333333333,101693.205,3.8000000000000003,68.0,11.176,2016-12-13,PA,Westmoreland
0.21000000000000005,101602.89666666667,0.0,95.0,0.0,2016-12-14,PA,Westmoreland
-6.0,101648.04666666668,0.0,78.0,0.0,2016-12-15,PA,Westmoreland
-13.57,102833.28666666668,0.7433333333333333,63.666666666666664,0.0,2016-12-16,PA,Westmoreland
-6.887499999999999,101862.52000000002,1.4900000000000002,49.666666666666664,0.0,2016-12-17,PA,Westmoreland
14.317499999999999,100699.85999999999,1.7899999999999998,90.33333333333333,7.789333333333334,2016-12-18,PA,Westmoreland
-4.33,,,,,2016-12-19,PA,Westmoreland
-6.82,103555.71333333333,0.5966666666666667,73.66666666666667,0.0,2016-12-20,PA,Westmoreland
-0.5966666666666667,101947.185,1.12,63.5,0.0,2016-12-21,PA,Westmoreland
0.19333333333333333,102038.612,0.358,69.4,0.0,2016-12-22,PA,Westmoreland
1.6800000000000002,102426.91666666667,1.0433333333333332,66.0,0.0,2016-12-23,PA,Westmoreland
2.0,102246.31333333334,0.8966666666666666,66.66666666666667,0.0,2016-12-24,PA,Westmoreland
4.7316666666666665,102614.298,0.8940000000000001,89.8,1.1684,2016-12-25,PA,Westmoreland
0.8333333333333334,103149.345,0.45,84.0,0.0,2016-12-26,PA,Westmoreland
16.4575,101670.62666666666,2.236666666666667,64.0,0.0,2016-12-27,PA,Westmoreland
3.6100000000000003,101760.93,1.34,71.0,7.62,2016-12-28,PA,Westmoreland
-1.544,101540.81499999999,0.4475,72.5,0.0,2016-12-29,PA,Westmoreland
-0.525,100575.69,0.0,77.0,2.032,2016-12-30,PA,Westmoreland
5.89,,,,,2016-01-01,PA,York
2.5,,,,,2016-01-02,PA,York
1.6400000000000001,101727.07,0.0,62.0,0.0,2016-01-03,PA,York
2.94,,,,,2016-01-04,PA,York
-5.61,,,,,2016-01-05,PA,York
-5.17,,,,,2016-01-06,PA,York
-2.22,,,,,2016-01-07,PA,York
3.89,,,,,2016-01-08,PA,York
4.39,,,,,2016-01-09,PA,York
6.760000000000001,101811.725,0.0,97.5,0.508,2016-01-10,PA,York
5.5,,,,,2016-01-11,PA,York
-2.75,101862.52,0.45,51.0,0.0,2016-01-12,PA,York
0.0,,,,,2016-01-13,PA,York
-5.140000000000001,101828.66,0.0,55.0,0.0,2016-01-14,PA,York
5.56,,,,,2016-01-15,PA,York
4.796666666666667,100507.965,0.0,81.0,0.0,2016-01-16,PA,York
4.36,100982.06,0.0,77.0,0.762,2016-01-17,PA,York
0.32999999999999996,100812.74,0.0,92.0,0.254,2016-01-18,PA,York
-8.56,,,,,2016-01-19,PA,York
-6.64,102742.98,0.45,61.0,0.0,2016-01-20,PA,York
-3.1950000000000003,102031.84,0.0,64.0,0.0,2016-01-21,PA,York
-2.67,,,,,2016-01-22,PA,York
-5.67,,,,,2016-01-23,PA,York
-4.640000000000001,100745.01,1.34,94.0,0.0,2016-01-24,PA,York
-5.0,102302.75,0.0,61.0,0.762,2016-01-25,PA,York
-2.1399999999999997,102573.66,0.0,73.0,2.032,2016-01-26,PA,York
7.11,,,,,2016-01-27,PA,York
-0.89,,,,,2016-01-28,PA,York
1.3900000000000001,100745.01,0.0,81.0,0.0,2016-01-29,PA,York
-1.5,101083.65,0.225,65.0,0.0,2016-01-30,PA,York
1.78,,,,,2016-01-31,PA,York
7.67,100914.33,0.0,65.0,0.0,2016-02-01,PA,York
5.17,101591.61,0.0,96.0,3.048,2016-02-02,PA,York
3.56,,,,,2016-02-03,PA,York
7.109999999999999,101049.79,0.0,95.0,23.622,2016-02-04,PA,York
3.5250000000000004,101930.25,0.0,77.0,1.27,2016-02-05,PA,York
1.8900000000000001,102709.12,2.68,56.0,0.0,2016-02-06,PA,York
1.5,,,,,2016-02-07,PA,York
3.0933333333333333,101506.95000000001,0.0,61.0,0.0,2016-02-08,PA,York
4.33,,,,,2016-02-09,PA,York
0.67,,,,,2016-02-10,PA,York
-2.33,101015.92,5.37,59.0,0.762,2016-02-11,PA,York
-7.470000000000001,102404.34,0.45,58.0,0.0,2016-02-12,PA,York
-4.89,,,,,2016-02-13,PA,York
-9.555,102742.98,6.26,53.0,0.0,2016-02-14,PA,York
-8.22,,,,,2016-02-15,PA,York
-3.94,,,,,2016-02-16,PA,York
4.5,,,,,2016-02-17,PA,York
3.11,,,,,2016-02-18,PA,York
-0.89,,,,,2016-02-19,PA,York
1.0,,,,,2016-02-20,PA,York
14.335,101049.79,0.0,43.0,0.0,2016-02-21,PA,York
7.61,,,,,2016-02-22,PA,York
3.3600000000000003,102472.07,0.0,65.0,1.27,2016-02-23,PA,York
2.83,,,,,2016-02-24,PA,York
14.5,,,,,2016-02-25,PA,York
3.0733333333333337,100203.19,2.015,79.5,3.4290000000000003,2016-02-26,PA,York
-0.9833333333333333,101913.315,1.5650000000000002,55.5,0.0,2016-02-27,PA,York
3.0,101760.93,0.0,57.5,0.0,2016-02-28,PA,York
12.75,100982.06,1.34,44.0,0.0,2016-02-29,PA,York
8.305,101354.56,0.9,58.0,0.0,2016-03-01,PA,York
10.85,100745.01,2.9050000000000002,57.0,0.0,2016-03-02,PA,York
-0.695,101625.47,2.68,59.0,3.302,2016-03-03,PA,York
1.0275,102381.76666666668,0.3,59.0,0.0,2016-03-04,PA,York
1.6666666666666667,101896.38500000001,0.895,76.0,3.4290000000000003,2016-03-05,PA,York
2.585,102065.7,0.0,72.0,0.254,2016-03-06,PA,York
3.8175000000000003,102505.93666666669,0.0,66.0,0.0,2016-03-07,PA,York
14.5,101947.18,1.79,43.0,0.0,2016-03-08,PA,York
17.335,101964.11,0.0,50.0,0.0,2016-03-09,PA,York
19.016666666666666,101845.58499999999,0.225,43.0,0.0,2016-03-10,PA,York
21.9175,101422.29333333333,0.5966666666666667,55.333333333333336,0.0,2016-03-11,PA,York
13.415,102505.93,0.9,53.0,0.0,2016-03-12,PA,York
11.183333333333332,101981.045,0.225,70.0,0.0,2016-03-13,PA,York
8.47,101625.47,3.13,93.0,3.048,2016-03-14,PA,York
6.87,101269.9,0.67,95.5,10.922,2016-03-15,PA,York
10.443333333333333,101015.92499999999,0.225,90.0,0.0,2016-03-16,PA,York
15.469999999999999,100812.74,0.9,80.0,0.254,2016-03-17,PA,York
11.555,101083.65,1.34,48.0,0.254,2016-03-18,PA,York
12.113333333333335,101134.445,0.895,34.0,0.0,2016-03-19,PA,York
3.016666666666667,101845.59,0.0,90.5,2.413,2016-03-20,PA,York
3.7350000000000003,101456.15333333332,0.3,55.0,0.08466666666666667,2016-03-21,PA,York
4.276666666666667,101676.27,2.01,49.5,0.0,2016-03-22,PA,York
10.76,101727.065,0.0,45.0,0.0,2016-03-23,PA,York
15.13,101439.22,0.0,49.0,0.0,2016-03-24,PA,York
18.945,100665.99666666666,1.1933333333333334,54.0,0.0,2016-03-25,PA,York
11.166666666666666,101439.22,2.015,62.5,4.572,2016-03-26,PA,York
10.256666666666666,102556.73000000001,0.67,64.0,0.0,2016-03-27,PA,York
11.276666666666666,102065.705,1.79,82.0,0.0,2016-03-28,PA,York
10.89,100880.47,1.34,65.0,15.748,2016-03-29,PA,York
9.426666666666668,102082.63500000001,0.895,36.0,0.0,2016-03-30,PA,York
10.61,102167.3,2.23,56.0,0.0,2016-03-31,PA,York
19.915,100880.47,1.79,57.0,0.0,2016-04-01,PA,York
19.44333333333333,100287.85,1.115,80.0,8.509,2016-04-02,PA,York
14.06,,,,,2016-04-03,PA,York
5.725,101422.29,0.0,51.0,0.762,2016-04-04,PA,York
4.756666666666667,101269.905,1.7850000000000001,86.5,3.81,2016-04-05,PA,York
3.9749999999999996,102810.71,0.0,51.0,0.0,2016-04-06,PA,York
8.073333333333334,101473.08499999999,1.79,61.0,0.0,2016-04-07,PA,York
9.9025,99762.96333333333,2.0866666666666664,78.33333333333333,28.617333333333335,2016-04-08,PA,York
6.615,100846.6,0.9,53.0,1.016,2016-04-09,PA,York
2.22,101490.02,4.02,85.0,5.588,2016-04-10,PA,York
6.390000000000001,102404.34,1.79,58.0,0.0,2016-04-11,PA,York
17.83,,,,,2016-04-12,PA,York
9.445,102336.62,1.79,50.0,1.27,2016-04-13,PA,York
9.016666666666666,102556.73000000001,0.225,52.5,0.0,2016-04-14,PA,York
12.39,102607.53,0.0,53.0,0.0,2016-04-15,PA,York
14.0,102912.3,0.0,51.0,0.0,2016-04-16,PA,York
15.483333333333334,102827.645,0.0,48.5,0.0,2016-04-17,PA,York
18.723333333333333,102692.19,0.225,39.5,0.0,2016-04-18,PA,York
20.3,102099.57,0.0,33.5,0.0,2016-04-19,PA,York
18.39,,,,,2016-04-20,PA,York
17.085,102404.34,0.0,33.0,0.0,2016-04-21,PA,York
19.33,101608.545,0.0,62.0,0.0,2016-04-22,PA,York
19.64,101185.24,0.45,75.0,0.254,2016-04-23,PA,York
13.26,101574.68,0.9,47.5,2.032,2016-04-24,PA,York
15.030000000000001,101659.34,0.0,52.0,0.0,2016-04-25,PA,York
21.11,101083.65,0.9,63.0,0.0,2016-04-26,PA,York
22.56,,,,,2016-04-27,PA,York
11.56,101252.97,0.0,91.0,0.762,2016-04-28,PA,York
7.365,101625.47,0.45,94.0,3.556,2016-04-29,PA,York
9.280000000000001,101794.79500000001,0.0,96.0,2.54,2016-04-30,PA,York
12.695,102201.16,1.34,80.0,2.032,2016-05-01,PA,York
11.25,101693.2,0.0,99.0,11.43,2016-05-02,PA,York
18.884999999999998,101117.52,0.0,89.0,0.762,2016-05-03,PA,York
15.055,100812.74,0.9,91.0,7.366,2016-05-04,PA,York
11.39,100575.69,0.45,97.0,1.778,2016-05-05,PA,York
11.975000000000001,100406.37,0.45,93.0,2.032,2016-05-06,PA,York
10.235,100541.83,0.7466666666666667,96.66666666666667,21.251333333333335,2016-05-07,PA,York
13.75,100677.29,0.0,80.0,2.286,2016-05-08,PA,York
16.74,101320.7,0.895,40.0,0.0,2016-05-09,PA,York
14.835,101862.52,1.34,78.0,0.0,2016-05-10,PA,York
11.865,102302.75,0.45,88.0,1.016,2016-05-11,PA,York
14.17,102065.7,0.0,96.0,2.794,2016-05-12,PA,York
18.42,101490.02,2.23,86.0,0.0,2016-05-13,PA,York
20.72,101015.92,0.9,61.0,3.81,2016-05-14,PA,York
13.555,100553.11666666665,1.4933333333333334,81.0,2.9633333333333334,2016-05-15,PA,York
9.573333333333332,101591.61,1.565,55.0,0.0,2016-05-16,PA,York
17.365000000000002,102133.43,0.9,43.0,0.0,2016-05-17,PA,York
13.024999999999999,102065.7,0.45,86.0,1.778,2016-05-18,PA,York
12.64,101964.11333333334,0.45,77.33333333333333,0.8466666666666667,2016-05-19,PA,York
18.036666666666665,101997.975,0.0,56.0,0.0,2016-05-20,PA,York
19.805,102156.00666666667,0.8933333333333334,44.333333333333336,0.0,2016-05-21,PA,York
11.445,101252.97,0.9,96.0,7.112,2016-05-22,PA,York
13.885,101185.24,1.34,98.0,8.128,2016-05-23,PA,York
15.89,101320.7,0.67,94.0,2.921,2016-05-24,PA,York
24.11,101693.2,0.225,43.0,0.0,2016-05-25,PA,York
24.55666666666667,101930.25,0.0,63.0,0.0,2016-05-26,PA,York
26.1125,101608.54000000001,0.0,71.5,0.0,2016-05-27,PA,York
27.003333333333334,101727.065,0.9,75.0,0.127,2016-05-28,PA,York
26.743333333333336,102031.84,0.67,71.0,0.0,2016-05-29,PA,York
22.406666666666666,101828.66,0.45,94.0,2.9210000000000003,2016-05-30,PA,York
22.906666666666666,101473.08499999999,0.538,78.75,11.2776,2016-05-31,PA,York
25.305,101388.42499999999,0.0,61.5,3.81,2016-06-01,PA,York
26.576666666666668,101794.79,1.34,66.0,0.0,2016-06-02,PA,York
23.265,101710.13500000001,0.3,79.0,0.0,2016-06-03,PA,York
22.246000000000002,101727.06333333334,0.1125,94.33333333333333,16.1925,2016-06-04,PA,York
23.813333333333333,101244.505,0.36,84.0,0.6604,2016-06-05,PA,York
20.64,100440.24,0.8933333333333334,94.5,10.752666666666668,2016-06-06,PA,York
26.002,100496.67666666668,0.5625,58.333333333333336,1.143,2016-06-07,PA,York
21.1,100270.92,0.895,57.333333333333336,4.8895,2016-06-08,PA,York
16.2525,101100.58499999999,1.34,52.5,2.3706666666666667,2016-06-09,PA,York
21.18,101241.68333333333,0.7825,42.0,0.0,2016-06-10,PA,York
22.74,101710.13500000001,0.0,49.0,0.0,2016-06-11,PA,York
30.098000000000003,100959.48333333332,1.01,54.666666666666664,0.0,2016-06-12,PA,York
23.89833333333333,100973.5925,2.146,35.5,0.0,2016-06-13,PA,York
21.614,101038.5,0.225,61.333333333333336,0.0,2016-06-14,PA,York
22.056,101490.01499999998,0.0,52.0,0.0,2016-06-15,PA,York
22.8,101083.6525,0.4475,80.75,0.0635,2016-06-16,PA,York
19.6625,100654.71,0.7466666666666667,95.66666666666667,11.176,2016-06-17,PA,York
25.276666666666667,101557.7475,0.268,62.5,1.0668,2016-06-18,PA,York
25.516666666666666,102353.55,0.09,57.75,0.0,2016-06-19,PA,York
26.695,102404.34,0.0,56.0,0.0,2016-06-20,PA,York
27.875,101523.88500000001,0.15,56.5,0.0,2016-06-21,PA,York
23.86,100880.465,1.3433333333333335,85.0,0.33866666666666667,2016-06-22,PA,York
25.09,101399.71666666667,0.56,54.0,0.4445,2016-06-23,PA,York
22.834,101083.65000000001,0.5625,86.0,1.27,2016-06-24,PA,York
21.94666666666667,101727.07,0.45,89.0,1.651,2016-06-25,PA,York
25.113333333333333,102235.02,0.0,64.0,0.508,2016-06-26,PA,York
25.463333333333335,102031.84,0.45,61.0,0.0,2016-06-27,PA,York
24.725,101523.88,1.34,91.0,0.508,2016-06-28,PA,York
21.645714285714288,101137.834,0.5966666666666667,86.162,14.7955,2016-06-29,PA,York
22.87,101467.43999999999,2.135,56.586666666666666,0.889,2016-06-30,PA,York
25.133333333333336,101693.20250000001,1.1960000000000002,52.465,0.0,2016-07-01,PA,York
27.040000000000003,101210.6425,1.03,58.802499999999995,0.0,2016-07-02,PA,York
21.026000000000003,101918.96,0.755,60.96666666666667,0.0,2016-07-03,PA,York
21.338333333333335,101972.5775,0.618,71.39,0.0,2016-07-04,PA,York
20.508333333333333,101371.495,1.374,95.685,7.874,2016-07-05,PA,York
28.938,101072.36333333334,0.6275000000000001,63.6,5.461,2016-07-06,PA,York
29.623333333333335,101100.58499999999,0.616,66.285,0.0,2016-07-07,PA,York
27.903333333333332,100948.195,0.8099999999999999,71.9025,0.0,2016-07-08,PA,York
24.74142857142857,100907.56000000001,0.0,92.152,12.2555,2016-07-09,PA,York
27.542857142857144,100819.514,1.53,60.92999999999999,0.0635,2016-07-10,PA,York
26.459999999999997,101456.14999999998,1.1075,52.99,0.0,2016-07-11,PA,York
26.404000000000003,101828.65666666666,0.6425,56.03666666666667,0.0,2016-07-12,PA,York
26.9325,101710.13,2.14,59.325,0.0,2016-07-13,PA,York
25.836000000000002,101546.46,1.4000000000000001,87.39999999999999,5.8420000000000005,2016-07-14,PA,York
31.521666666666665,101032.85500000001,0.9259999999999999,53.89,0.08466666666666667,2016-07-15,PA,York
28.90857142857143,101286.83600000001,0.9333333333333335,59.236000000000004,0.0,2016-07-16,PA,York
27.036250000000003,101693.20166666666,1.6300000000000001,65.005,0.0,2016-07-17,PA,York
28.541666666666668,101972.57999999999,1.326,57.39,0.0,2016-07-18,PA,York
25.948,101676.27,1.2875,78.845,17.653,2016-07-19,PA,York
26.901666666666667,101955.645,0.8219999999999998,52.3925,0.08466666666666667,2016-07-20,PA,York
26.115,102192.6925,0.41200000000000003,54.88,0.0,2016-07-21,PA,York
27.03,101837.1225,0.9259999999999999,51.9375,0.0,2016-07-22,PA,York
29.528000000000002,101219.10666666667,1.5275,58.00333333333333,0.0,2016-07-23,PA,York
27.782,101230.39666666667,1.03,59.99333333333334,13.97,2016-07-24,PA,York
29.751666666666665,101413.82499999998,1.812,56.3575,0.0,2016-07-25,PA,York
24.904,101354.56666666665,1.6400000000000001,84.41333333333334,0.0,2016-07-26,PA,York
28.789999999999996,101278.37,0.308,67.5975,5.672666666666667,2016-07-27,PA,York
29.326,101354.56333333331,1.1575,56.36666666666667,0.0,2016-07-28,PA,York
23.911666666666665,101185.245,1.03,89.16,12.573,2016-07-29,PA,York
28.267500000000002,101275.54666666668,0.6866666666666666,67.91666666666667,11.43,2016-07-30,PA,York
22.819999999999997,101496.79,1.3683333333333332,94.148,32.766000000000005,2016-07-31,PA,York
28.038,101523.88,0.7725,73.44,2.4130000000000003,2016-08-01,PA,York
24.270000000000003,101681.91333333333,1.27,84.78666666666668,13.081,2016-08-02,PA,York
25.404,101851.23333333334,2.8125,74.14333333333333,6.731,2016-08-03,PA,York
24.89,101947.1775,1.2225,71.9225,0.6773333333333333,2016-08-04,PA,York
25.11,101873.81,1.0274999999999999,66.96666666666665,0.0,2016-08-05,PA,York
24.768333333333334,101363.03,1.1960000000000002,82.5975,0.0,2016-08-06,PA,York
25.798000000000002,100824.02666666667,1.3733333333333333,72.67,11.176,2016-08-07,PA,York
25.488,101411.00333333334,0.385,67.63333333333334,0.0,2016-08-08,PA,York
24.305,101811.725,0.0,62.85,0.0,2016-08-09,PA,York
24.75,102150.36499999999,0.3,81.0,0.0,2016-08-10,PA,York
28.833333333333332,101981.04749999999,0.41200000000000003,74.235,0.0,2016-08-11,PA,York
29.174285714285713,101645.792,0.3433333333333333,72.178,0.0,2016-08-12,PA,York
28.51833333333333,101371.4975,1.1400000000000001,78.9225,1.524,2016-08-13,PA,York
30.6,101230.39333333333,0.515,71.87666666666667,1.016,2016-08-14,PA,York
25.46,101740.60999999999,1.0933333333333335,81.598,0.0635,2016-08-15,PA,York
25.753999999999998,102201.15999999999,1.14,86.39333333333333,4.064,2016-08-16,PA,York
25.588,101839.94666666666,0.385,84.12,7.112,2016-08-17,PA,York
26.434000000000005,101715.77666666666,0.385,71.70666666666666,0.0,2016-08-18,PA,York
25.232,101467.44,0.515,75.75,7.239,2016-08-19,PA,York
24.898,101343.27666666666,0.0,70.46333333333332,0.508,2016-08-20,PA,York
26.488,101128.80666666666,0.9,62.25,0.0,2016-08-21,PA,York
24.788,101075.185,1.7175,73.105,15.875,2016-08-22,PA,York
22.046,102122.14666666667,0.515,58.20666666666667,0.254,2016-08-23,PA,York
22.445000000000004,102548.26500000001,0.0,71.97999999999999,0.0,2016-08-24,PA,York
24.224,102189.87333333334,1.5275,68.71666666666665,0.0,2016-08-25,PA,York
27.50857142857143,101672.88,0.6849999999999999,77.63,0.0,2016-08-26,PA,York
26.131999999999998,101817.36666666665,0.0,73.31666666666666,0.0,2016-08-27,PA,York
26.988,102226.56,0.77,68.375,0.0,2016-08-28,PA,York
27.573333333333334,102048.775,2.83,53.045,,2016-08-29,PA,York
26.44333333333333,102020.55333333333,1.7166666666666668,57.169999999999995,0.0,2016-08-30,PA,York
25.18,101749.64333333336,1.3733333333333333,64.03,0.0,2016-08-31,PA,York
22.3325,101331.98999999999,1.2,91.23,1.651,2016-09-01,PA,York
23.1675,101411.00333333334,0.6866666666666666,70.30333333333333,30.861,2016-09-02,PA,York
21.34166666666667,102038.612,0.8219999999999998,66.55199999999999,0.0,2016-09-03,PA,York
20.768,102133.43,0.77,68.57249999999999,0.0,2016-09-04,PA,York
20.80333333333333,102353.55,0.618,74.3775,1.1853333333333333,2016-09-05,PA,York
22.5,101907.67,0.9,69.51666666666667,0.0,2016-09-06,PA,York
24.796666666666667,101650.8725,0.514,63.56,0.0,2016-09-07,PA,York
25.5,101461.79666666668,0.5585714285714286,81.94,0.0,2016-09-08,PA,York
28.634000000000004,101207.82,1.0274999999999999,59.723333333333336,0.0,2016-09-09,PA,York
27.445714285714285,101490.018,0.0,77.786,0.0,2016-09-10,PA,York
27.44666666666667,101346.095,1.826,78.58,0.0,2016-09-11,PA,York
21.214285714285715,101916.702,0.6,63.236000000000004,0.0,2016-09-12,PA,York
19.51571428571429,102241.796,0.25666666666666665,71.524,0.0,2016-09-13,PA,York
24.43125,101930.24833333334,1.2028571428571428,71.05666666666667,0.0,2016-09-14,PA,York
25.41,101862.52,1.8025,62.15,0.0,2016-09-15,PA,York
18.044,102347.90666666666,0.4975,73.44333333333334,0.0,2016-09-16,PA,York
20.63,102404.3425,0.8219999999999998,60.035,0.0,2016-09-17,PA,York
22.195,101890.73833333334,1.74,76.67833333333333,0.0,2016-09-18,PA,York
24.89833333333333,101574.68000000001,1.016,82.125,0.0,2016-09-19,PA,York
21.333333333333332,101752.465,0.308,93.115,3.979333333333333,2016-09-20,PA,York
20.944,102031.84000000001,0.385,89.74666666666667,0.0,2016-09-21,PA,York
20.788,102144.72000000002,0.1125,82.64999999999999,0.0,2016-09-22,PA,York
19.656,101873.81,0.0,80.46,0.0,2016-09-23,PA,York
22.071428571428573,101439.22166666666,0.25666666666666665,77.21666666666667,0.0,2016-09-24,PA,York
15.34142857142857,102004.75,0.0,70.796,0.0,2016-09-25,PA,York
14.638333333333334,102099.57,0.0,71.295,0.0,2016-09-26,PA,York
17.866,101659.33666666667,1.9050000000000002,79.65333333333334,0.127,2016-09-27,PA,York
16.166666666666668,101295.30249999999,0.398,75.7,1.1006666666666667,2016-09-28,PA,York
17.934,101851.23333333334,2.4125,95.39999999999999,9.144,2016-09-29,PA,York
15.278333333333334,102345.08,3.2600000000000002,95.985,24.045333333333332,2016-09-30,PA,York
15.296666666666667,102260.42000000001,3.092,91.2875,11.514666666666665,2016-10-01,PA,York
15.824000000000002,101952.82666666666,0.0,95.64666666666666,6.477,2016-10-02,PA,York
16.6125,101659.34,0.5133333333333333,94.055,0.508,2016-10-03,PA,York
15.59,101885.09666666668,0.4114285714285714,86.69666666666667,0.6096,2016-10-04,PA,York
15.2,102607.52333333333,1.5425,85.04,0.0,2016-10-05,PA,York
12.91,102528.50666666667,0.0,87.56333333333333,0.0,2016-10-06,PA,York
15.463333333333333,102556.73,0.09,88.85,0.254,2016-10-07,PA,York
18.046666666666667,102243.4925,0.41200000000000003,79.19749999999999,0.0,2016-10-08,PA,York
17.5,101659.3375,0.268,96.4725,0.16933333333333334,2016-10-09,PA,York
14.018333333333333,102099.5675,1.738,56.4275,0.0,2016-10-10,PA,York
8.416666666666666,102759.91750000001,0.502,77.4675,0.0,2016-10-11,PA,York
11.056000000000001,102937.695,0.385,72.725,0.0,2016-10-12,PA,York
12.768,102302.7525,0.7725,79.9075,0.127,2016-10-13,PA,York
14.532,102243.49,2.1975,69.365,0.762,2016-10-14,PA,York
8.766,102785.315,0.4975,83.3575,0.0,2016-10-15,PA,York
12.888,102658.3225,1.11,66.1625,0.0,2016-10-16,PA,York
17.3625,101794.79333333333,0.6866666666666666,83.33333333333333,0.0,2016-10-17,PA,York
19.768333333333334,101347.79,0.41200000000000003,82.14,0.0,2016-10-18,PA,York
22.7375,101230.39666666667,1.5233333333333334,64.21333333333334,0.0,2016-10-19,PA,York
22.256,101794.79250000001,0.385,67.3625,0.0,2016-10-20,PA,York
22.6,101320.69999999998,2.73,80.435,0.0,2016-10-21,PA,York
14.018333333333333,100209.966,3.928,82.5,11.006666666666666,2016-10-22,PA,York
9.723333333333334,100941.42199999999,4.524,63.855999999999995,0.254,2016-10-23,PA,York
11.634285714285713,101394.07166666667,0.25666666666666665,69.62,0.0,2016-10-24,PA,York
12.112,102133.4325,3.795,52.1775,0.0,2016-10-25,PA,York
6.198571428571428,102788.13500000001,1.1033333333333333,63.75333333333333,0.0,2016-10-26,PA,York
9.122,102988.49250000001,1.0274999999999999,52.39,0.0,2016-10-27,PA,York
11.61,101760.93000000001,0.618,95.45599999999999,4.318,2016-10-28,PA,York
8.43,102393.05333333334,1.2,62.48666666666667,0.0,2016-10-29,PA,York
19.313333333333333,101405.35999999999,3.345,58.125,,2016-10-30,PA,York
16.624000000000002,101329.165,1.735,90.58,4.318,2016-10-31,PA,York
5.6675,102415.63,0.6866666666666666,81.82,0.0,2016-11-01,PA,York
11.6125,102607.52333333333,1.6933333333333334,78.89333333333333,0.0,2016-11-02,PA,York
16.556,102243.48999999999,0.385,82.9675,0.0,2016-11-03,PA,York
17.887999999999998,101608.54250000001,2.5675,69.8175,0.254,2016-11-04,PA,York
6.68,102438.21,0.8366666666666668,74.02,0.0,2016-11-05,PA,York
10.266,102378.94249999999,1.03,65.565,0.0,2016-11-06,PA,York
9.276666666666666,102702.344,0.616,54.834,0.0,2016-11-07,PA,York
6.331999999999999,102869.9725,0.385,66.64,0.0,2016-11-08,PA,York
11.943999999999999,101760.9275,0.0,61.5125,0.0,2016-11-09,PA,York
9.6,101501.30666666669,2.1550000000000002,75.91666666666667,3.302,2016-11-10,PA,York
12.146666666666667,101185.24,2.83,37.815,,2016-11-11,PA,York
9.776666666666666,101930.245,4.885,37.275,,2016-11-12,PA,York
2.24,102505.93,1.545,71.08500000000001,,2016-11-13,PA,York
4.63,101947.18,0.0,61.62,,2016-11-14,PA,York
9.0275,101602.89666666667,0.0,56.343333333333334,0.0,2016-11-15,PA,York
8.192499999999999,101004.63666666666,1.4766666666666666,61.03,0.0,2016-11-16,PA,York
11.87,101269.905,2.575,68.99,,2016-11-17,PA,York
6.112500000000001,101941.53666666667,0.4466666666666667,76.96666666666665,0.0,2016-11-18,PA,York
10.915,101885.09666666666,0.5133333333333333,75.00333333333333,0.0,2016-11-19,PA,York
1.6320000000000001,101117.5175,1.9575,92.67,0.762,2016-11-20,PA,York
3.48,100846.60500000001,10.545,46.370000000000005,,2016-11-21,PA,York
1.5425,101456.15333333332,5.329999999999999,49.336666666666666,0.0,2016-11-22,PA,York
3.676666666666667,102451.754,2.054,55.95799999999999,0.0,2016-11-23,PA,York
5.416666666666667,102512.704,0.0,59.05799999999999,0.0,2016-11-24,PA,York
7.140000000000001,102295.98000000001,0.308,78.604,0.08466666666666667,2016-11-25,PA,York
6.289999999999999,102285.81749999999,0.225,85.97,0.0,2016-11-26,PA,York
6.012,102150.36249999999,1.6225,66.77250000000001,0.0,2016-11-27,PA,York
3.555,102201.15999999999,1.82,66.37333333333333,0.0,2016-11-28,PA,York
7.9025,101839.94333333334,2.9966666666666666,64.02666666666666,0.0,2016-11-29,PA,York
10.988,101176.78,0.515,97.15,6.985,2016-11-30,PA,York
13.323333333333332,100514.738,1.3000000000000003,97.92999999999999,9.736666666666666,2016-12-01,PA,York
6.467999999999999,101202.175,5.477499999999999,58.042500000000004,13.588999999999999,2016-12-02,PA,York
5.24,101699.97399999999,3.0159999999999996,65.718,0.0,2016-12-03,PA,York
6.346,102251.9525,3.2249999999999996,63.0175,0.0,2016-12-04,PA,York
4.573333333333333,102065.705,0.77,68.545,,2016-12-05,PA,York
3.9560000000000004,101913.315,0.7725,74.235,1.651,2016-12-06,PA,York
3.5700000000000003,101219.10666666667,1.2,96.04333333333334,0.0,2016-12-07,PA,York
3.4,101794.79500000001,0.515,78.88499999999999,2.286,2016-12-08,PA,York
1.4780000000000002,102020.55,5.01,50.04,0.0,2016-12-09,PA,York
-0.40999999999999986,102731.69333333331,3.34,63.13333333333333,0.0,2016-12-10,PA,York
-2.93,103205.79,1.8433333333333335,58.79,0.0,2016-12-11,PA,York
0.0,102641.39,1.5433333333333332,64.93333333333334,0.0,2016-12-12,PA,York
4.1899999999999995,101478.73,1.3475000000000001,70.82333333333334,4.953,2016-12-13,PA,York
2.3560000000000003,101727.06749999999,1.0274999999999999,72.445,0.0,2016-12-14,PA,York
-1.578,101642.405,0.385,57.5275,0.0,2016-12-15,PA,York
-8.813333333333333,102505.93,5.405,44.605000000000004,,2016-12-16,PA,York
-4.39,102827.64000000001,1.03,40.165,,2016-12-17,PA,York
0.8,101363.03,0.515,94.12,2.794,2016-12-18,PA,York
2.5,102776.85,4.890000000000001,56.085,,2016-12-19,PA,York
-2.76,103877.42000000001,1.8,54.59,,2016-12-20,PA,York
-3.322,102514.39749999999,0.0,77.28999999999999,0.0,2016-12-21,PA,York
1.235,102268.88666666667,0.0,66.38333333333334,0.0,2016-12-22,PA,York
4.471666666666667,102350.16199999998,3.44,59.98,0.0,2016-12-23,PA,York
2.988,103025.18,0.385,63.413333333333334,0.0,2016-12-24,PA,York
6.069999999999999,102381.76666666666,1.1566666666666665,89.94666666666667,9.144,2016-12-25,PA,York
0.6125,103510.56333333334,0.6866666666666666,82.76,0.0,2016-12-26,PA,York
5.470000000000001,102675.25333333334,1.5566666666666666,92.38,0.0,2016-12-27,PA,York
10.073333333333332,101303.76999999999,2.315,46.26,,2016-12-28,PA,York
-0.39,102076.99166666665,0.4816666666666667,76.995,0.0,2016-12-29,PA,York
4.0275,100553.11666666665,4.1499999999999995,56.01333333333333,7.62,2016-12-30,PA,York
